gene,crapome_n_expt,crapome_pct
HBB,113,16.1
HBA1,90,12.8
MB,5,0.7
ALB,239,34
CKM,39,5.5
ALDOA,301,42.8
GAPDH,458,65.1
CKB,308,43.8
CA3,3,0.4
FHL1,177,25.2
ACTA1,656,93.3
ENO1,478,68
HBD,101,14.4
ENO3,357,50.8
ACTB,667,94.9
CA1,0,0
IGHG1,62,8.8
PRDX2,482,68.6
PKM,536,76.2
TPI1,177,25.2
ENO2,338,48.1
PGAM1,239,34
APOA1,17,2.4
CASQ1,0,0
PGK1,200,28.4
HSPB1,128,18.2
MYL1,103,14.7
IGKC,36,5.1
PYGM,62,8.8
CRYAB,9,1.3
LDHA,304,43.2
MYL2,1,0.1
AK1,22,3.1
FABP4,2,0.3
FABP3,2,0.3
ATP2A1,184,26.2
CA2,78,11.1
MDH1,100,14.2
SERPINA1,2,0.3
MYH7,19,2.7
IGHG2,142,20.2
PGAM2,205,29.2
PYGB,71,10.1
PRDX6,388,55.2
IDH2,65,9.2
MYH2,20,2.8
MYLPF,1,0.1
ATP2A2,302,43
TF,11,1.6
ATP5F1B,0,0
MDH2,198,28.2
HP,15,2.1
ATP5F1A,0,0
IGLC2,33,4.7
MYH1,22,3.1
PFKM,126,17.9
S100A1,1,0.1
HSPB6,1,0.1
EEF1A1,653,92.9
FBP2,1,0.1
APOA2,2,0.3
ARF4,199,28.3
SLC25A4,478,68
TNNC2,39,5.5
PGM1,66,9.4
YWHAE,447,63.6
GOT1,39,5.5
CKMT2,22,3.1
MYL6,411,58.5
ATP2A3,82,11.7
RPS27A,478,68
PDLIM3,27,3.8
PEBP1,101,14.4
TPM2,277,39.4
SOD1,79,11.2
HBG1,87,12.4
ORM1,1,0.1
GPI,141,20.1
TUBB,685,97.4
HPX,15,2.1
PARK7,236,33.6
GOT2,78,11.1
MYL3,101,14.4
MT-CO2,63,9
IGHA1,51,7.3
PRDX1,549,78.1
ALDOC,92,13.1
CYCS,68,9.7
TPM1,283,40.3
PPIA,439,62.4
SLC4A1,0,0
GPD1,0,0
CFL1,496,70.6
VIM,543,77.2
CS,194,27.6
DECR1,23,3.3
HSPA8,703,100
HADHA,154,21.9
ACO2,89,12.7
LGALS1,84,11.9
BLVRB,17,2.4
ACAT1,161,22.9
ANXA2,398,56.6
CSRP3,0,0
LDB3,1,0.1
AKR1A1,50,7.1
GSTM2,22,3.1
MYBPC1,2,0.3
TNNI2,0,0
ANXA6,77,11
C3,45,6.4
CFL2,392,55.8
TTR,0,0
VDAC1,213,30.3
TXN,432,61.5
FLNC,373,53.1
A2M,54,7.7
CALM1,327,46.5
TNNT3,1,0.1
LDHB,340,48.4
S100A6,72,10.2
BIN1,3,0.4
ACADVL,46,6.5
AKR1B1,72,10.2
PRDX3,315,44.8
HADHB,123,17.5
CAT,57,8.1
S100A4,33,4.7
UQCRC2,190,27
TUBA1B,694,98.7
SLC25A6,495,70.4
SLC25A5,525,74.7
ANXA5,80,11.4
H2BC4,0,0
TUBA4A,679,96.6
DCN,1,0.1
APOBEC2,0,0
HSP90AA1,565,80.4
EEF1A2,645,91.7
ATP5MF,0,0
TTN,15,2.1
SRL,1,0.1
HSPA1A,698,99.3
COX5B,57,8.1
TNNC1,0,0
SELENBP1,6,0.9
ECHS1,87,12.4
NDUFA4,75,10.7
ATP5MG,0,0
PFN1,308,43.8
ATP5F1C,0,0
ANKRD2,0,0
UQCRC1,157,22.3
HADH,69,9.8
PDLIM5,116,16.5
YWHAG,332,47.2
PLIN1,0,0
ASB6,1,0.1
COX7A1,0,0
DBI,24,3.4
SOD2,26,3.7
PMP2,0,0
TPM3,354,50.4
MPZ,0,0
TUBB4B,678,96.4
TRIM72,0,0
COX4I1,90,12.8
UGP2,14,2
ATP5PO,0,0
ORM2,0,0
ANXA1,68,9.7
LUM,1,0.1
CASQ2,0,0
QDPR,51,7.3
CMBL,186,26.5
MYOM2,1,0.1
HBG2,88,12.5
AHSG,12,1.7
AHNAK,212,30.2
GLO1,130,18.5
MIF,211,30
VDAC3,226,32.1
GSTP1,164,23.3
ECH1,166,23.6
GSN,49,7
SLC25A3,362,51.5
ATP5PD,0,0
ADSS1,0,0
CAVIN1,27,3.8
MT-ATP6,32,4.6
TNNI1,1,0.1
HSPB7,0,0
IGHM,2,0.3
CSTB,164,23.3
RTN2,0,0
LCP1,167,23.8
ACTN2,213,30.3
NNT,33,4.7
TNNT1,1,0.1
PRDX5,93,13.2
PADI2,0,0
UQCR10,8,1.1
CKMT1A,71,10.1
ETFA,148,21.1
ACSL1,7,1
GLRX,21,3
FH,73,10.4
HINT1,64,9.1
CALML5,150,21.3
MYH3,19,2.7
NIPSNAP2,24,3.4
FTH1,7,1
GC,0,0
VDAC2,256,36.4
HIST2H2AA3,552,78.5
APOC3,0,0
ACYP2,26,3.7
COX6C,23,3.3
COX5A,84,11.9
UQCRFS1,66,9.4
PRX,4,0.6
IGKV3-15,5,0.7
CYB5R3,64,9.1
IGKV3-20,1,0.1
HSP90AB1,573,81.5
PCMT1,299,42.5
H4C1,0,0
GATD3B,0,0
PSAP,14,2
ECI1,68,9.7
CYB5R1,1,0.1
AAMDC,48,6.8
PITPNA,23,3.3
ATP5ME,0,0
UQCRB,7,1
PHPT1,15,2.1
VBP1,166,23.6
CP,30,4.3
C1QBP,420,59.7
MBP,0,0
ADH1B,0,0
AGL,134,19.1
ESD,77,11
LMCD1,1,0.1
EIF5A,352,50.1
IGKV2-40,220,31.3
ATP5F1D,0,0
FGG,2,0.3
CD36,0,0
PLIN4,0,0
TPT1,65,9.2
CYC1,19,2.7
FGA,2,0.3
APOA4,0,0
IGHV3-72,0,0
KLHL41,0,0
CISD1,12,1.7
SDHA,163,23.2
UQCRH,18,2.6
NPEPPS,123,17.5
MACROD1,13,1.8
SERPINA3,0,0
NDRG2,1,0.1
RAB1B,192,27.3
EHD2,11,1.6
ADIRF,2,0.3
NUTF2,24,3.4
FLNB,417,59.3
VCL,156,22.2
APOH,0,0
CAV1,31,4.4
NEB,11,1.6
PYGL,74,10.5
KNG1,0,0
CRAT,0,0
ST13,153,21.8
AKR1C1,10,1.4
UBE2N,114,16.2
HSP90B1,460,65.4
NME2,324,46.1
RTN4,169,24
DLST,136,19.3
SYPL2,0,0
RAN,440,62.6
GYG1,25,3.6
RNH1,70,10
ADH5,56,8
IGLL5,20,2.8
ACAA2,49,7
YWHAZ,410,58.3
HSPA2,692,98.4
HSPD1,520,74
CLU,9,1.3
ATP5PB,0,0
FLNA,508,72.3
KRT1,671,95.4
C4B,83,11.8
ARL6IP5,17,2.4
PDHB,141,20.1
ACTN1,314,44.7
COX6B1,44,6.3
S100A9,116,16.5
IGHG3,54,7.7
TUFM,408,58
S100A8,79,11.2
HAGH,96,13.7
TAGLN,24,3.4
FNDC3A,15,2.1
NDUFS1,54,7.7
DLD,231,32.9
OGDH,63,9
COQ9,1,0.1
DLAT,137,19.5
COQ8A,36,5.1
SLC25A12,66,9.4
FKBP3,127,18.1
ATP5MD,0,0
EEF2,488,69.4
ACTN4,335,47.7
PDHA1,126,17.9
VTN,5,0.7
A1BG,0,0
MSN,230,32.7
GSTO1,81,11.5
BPGM,1,0.1
IGHV3-7,0,0
GPD1L,1,0.1
SUCLA2,34,4.8
UBA1,301,42.8
ACADM,83,11.8
COMP,1,0.1
SDHB,87,12.4
ALDH9A1,104,14.8
FBP1,1,0.1
S100A7,61,8.7
PRELP,2,0.3
GAMT,0,0
SAR1A,63,9
AOC3,2,0.3
GSTM3,60,8.5
PHB,269,38.3
P4HB,247,35.1
FTL,2,0.3
LRRC20,0,0
COX7C,11,1.6
H1-4,0,0
IGKV3-11,1,0.1
PLG,7,1
EHD1,5,0.7
SERPING1,0,0
SNCA,95,13.5
RAP1B,117,16.6
YWHAB,368,52.3
H3-3A,0,0
PPP3CA,31,4.4
NDUFB10,32,4.6
S100A10,17,2.4
ARHGDIA,98,13.9
GPT,0,0
REEP5,24,3.4
ACADS,1,0.1
ACTC1,656,93.3
DDB1,212,30.2
ALDH2,80,11.4
CTSD,85,12.1
ALDH1A1,13,1.8
ACOT2,84,11.9
GDI2,166,23.6
CFH,0,0
PSMC1,195,27.7
GSTM1,3,0.4
S100B,0,0
SERPINC1,19,2.7
IGHG4,52,7.4
UQCRQ,5,0.7
FKBP1A,56,8
OLA1,120,17.1
PHB2,243,34.6
ANXA7,53,7.5
GRHPR,36,5.1
NDUFV2,13,1.8
PCBP1,472,67.1
CES1,2,0.3
WDR1,89,12.7
APOB,18,2.6
ETFB,74,10.5
DUSP3,19,2.7
AMPD1,0,0
IGHV3-74,0,0
PFN2,186,26.5
EIF4A1,479,68.1
APOD,16,2.3
HSPB2,0,0
APOC1,0,0
APCS,0,0
CRYM,1,0.1
MYO6,148,21.1
SLC25A13,160,22.8
FGB,15,2.1
PLA2G2A,0,0
PLN,0,0
PFKL,178,25.3
STOM,10,1.4
PPP3R1,1,0.1
HSPA9,552,78.5
UBE2D3,96,13.7
CFB,9,1.3
SPTA1,0,0
PRKAR1A,37,5.3
DEFA3,21,3
AGT,0,0
ARF1,262,37.3
F2,18,2.6
SUCLG1,45,6.4
TALDO1,95,13.5
HSDL2,79,11.2
FABP5,106,15.1
ITIH4,2,0.3
CZIB,0,0
S100A13,5,0.7
SMPX,0,0
PCBD2,9,1.3
PREP,8,1.1
SKP1,311,44.2
RPL7,335,47.7
HIBADH,33,4.7
EEF1D,353,50.2
FMOD,0,0
VCP,314,44.7
ITIH2,2,0.3
PNP,78,11.1
PBXIP1,2,0.3
MYOZ1,0,0
CDC42,165,23.5
ITIH1,2,0.3
ALAD,1,0.1
CRIP1,7,1
IDH3A,80,11.4
NDUFV1,7,1
HIBCH,27,3.8
PRKACA,43,6.1
AIFM1,226,32.1
SLC25A11,290,41.3
KRT10,616,87.6
MYOM1,2,0.3
FUNDC2,0,0
AKR1C3,11,1.6
DES,392,55.8
NAPA,19,2.7
HSPE1,167,23.8
ADPRHL1,1,0.1
NDUFA9,35,5
PACSIN3,7,1
COASY,57,8.1
NDUFA10,67,9.5
CCT3,367,52.2
MGST3,9,1.3
MYH9,448,63.7
POTEI,615,87.5
CACNA2D1,5,0.7
LTA4H,66,9.4
AMBP,0,0
AK3,6,0.9
HNRNPK,581,82.6
MYOT,0,0
CSRP1,46,6.5
RNPEP,50,7.1
AHSP,0,0
GYS1,71,10.1
NDUFA5,63,9
IMMT,93,13.2
SMTNL1,0,0
NT5C3A,1,0.1
ANK1,2,0.3
KRT19,506,72
ATP5PF,0,0
EEF1B2,379,53.9
CASP14,62,8.8
RAB5C,148,21.1
NDUFA13,11,1.6
PSMA5,187,26.6
IGKV3D-15,0,0
CAP2,28,4
S100A11,89,12.7
NDUFB3,0,0
HMGB1,252,35.8
PPP2R1A,316,45
EPHX1,13,1.8
RHCE,0,0
SLC2A1,40,5.7
PRKAR2A,140,19.9
SFXN4,7,1
UBE2L3,95,13.5
PCYOX1,6,0.9
FHL3,39,5.5
LMNA,240,34.1
GARNL3,0,0
NDUFAB1,2,0.3
IGKV4-1,29,4.1
UBE2D1,4,0.6
CST3,4,0.6
CPNE9,79,11.2
C4BPA,2,0.3
ADSL,71,10.1
HIST2H2BE,513,73
CBR1,143,20.3
PGD,122,17.4
USP14,144,20.5
DPYSL2,199,28.3
RACK1,352,50.1
AMPD3,0,0
ABHD14B,3,0.4
HRG,15,2.1
NAXE,43,6.1
BCAT2,2,0.3
TAGLN2,410,58.3
RPLP2,440,62.6
TWF2,35,5
PSMA7,194,27.6
HK1,103,14.7
PSMA4,188,26.7
MYBPC2,1,0.1
NDUFA6,8,1.1
ANXA11,55,7.8
STAC3,0,0
NIPSNAP3B,0,0
AHCY,232,33
RPL34,247,35.1
NDUFB4,5,0.7
NDUFS3,67,9.5
ALDH4A1,2,0.3
PSMA2,193,27.5
TRARG1,0,0
MYL6B,332,47.2
UBE2V2,63,9
DDAH1,28,4
SDHC,2,0.3
SRI,70,10
COL1A1,21,3
HRC,0,0
CD59,9,1.3
PDLIM1,136,19.3
STIP1,237,33.7
CAPZA1,318,45.2
OGN,0,0
EIF4A2,461,65.6
SURF4,158,22.5
CAPNS1,62,8.8
IGHV4-34,0,0
HNRNPA2B1,536,76.2
CACYBP,187,26.6
PSMA6,193,27.5
AZGP1,58,8.3
THBS4,0,0
ALDH5A1,32,4.6
PSMF1,16,2.3
PKLR,340,48.4
FIS1,23,3.3
PDIA3,281,40
GPX3,0,0
COL6A3,13,1.8
MAOB,0,0
TKT,168,23.9
NDUFA2,11,1.6
APEH,35,5
RHOA,87,12.4
TCAP,0,0
TPSB2,0,0
HSPA5,661,94
RYR1,19,2.7
CAVIN2,1,0.1
TMEM109,65,9.2
PDHX,53,7.5
IDH1,62,8.8
ANP32A,116,16.5
PRXL2A,0,0
CANX,310,44.1
KRT8,545,77.5
EEF1G,461,65.6
HEBP2,26,3.7
CCT2,428,60.9
MYLK,11,1.6
RAB7A,104,14.8
PLIN3,108,15.4
LAP3,60,8.5
WARS1,0,0
MAP4,312,44.4
APOC2,0,0
ACP1,95,13.5
COL6A1,7,1
ACTN3,170,24.2
CAMK2D,52,7.4
SPTB,69,9.8
MPI,18,2.6
ANK2,56,8
RAB10,176,25
HP1BP3,214,30.4
IGHV1-46,0,0
IGHV3-64D,2,0.3
MYL12B,295,42
PTGES3,175,24.9
AIF1,0,0
CRKL,218,31
PSMA3,173,24.6
DYSF,12,1.7
FASN,436,62
DDT,57,8.1
GNAI2,159,22.6
KRT9,577,82.1
MUSTN1,5,0.7
ARPIN,96,13.7
SERPIND1,0,0
NDUFA8,35,5
C1QA,0,0
TCP1,432,61.5
PSMB1,186,26.5
NEDD8,93,13.2
RPS16,411,58.5
SPTAN1,324,46.1
TUBA8,675,96
TLN1,217,30.9
DCXR,49,7
CAV2,1,0.1
GSTT1,0,0
TMEM43,7,1
ACOT13,20,2.8
MTPN,124,17.6
AK2,142,20.2
CPT1B,0,0
SERPINF1,0,0
IDH3B,69,9.8
RPS25,356,50.6
GPX1,68,9.7
JCHAIN,16,2.3
ACACA,296,42.1
PSMC6,179,25.5
ASPN,0,0
EPB42,0,0
CAPN1,30,4.3
SDHD,0,0
PRKCSH,174,24.8
NDUFB1,0,0
COL1A2,19,2.7
RPLP1,378,53.8
IGLV1-51,0,0
GLUD1,217,30.9
VAT1,64,9.1
RPL14,333,47.4
MYOC,0,0
EIF4H,205,29.2
GNG2,2,0.3
SMYD1,0,0
ECI2,25,3.6
UBE2V1,68,9.7
CAP1,182,25.9
RBP4,0,0
DGLUCY,0,0
DSTN,131,18.6
ETFDH,5,0.7
UCHL1,167,23.8
CRYZ,35,5
DHRS7,14,2
CD81,4,0.6
IPO5,267,38
MFAP4,0,0
BANF1,128,18.2
PPBP,0,0
STX11,0,0
PPP2CA,193,27.5
GPD2,47,6.7
DPYSL3,143,20.3
AKR7A2,34,4.8
C9,4,0.6
IARS2,66,9.4
NSFL1C,113,16.1
RPL22,429,61
METTL7A,5,0.7
GNB1,140,19.9
SERPINH1,281,40
PGP,11,1.6
CLTC,406,57.8
ATP1A2,275,39.1
MGST1,1,0.1
RAD23A,37,5.3
CUTA,21,3
SERPINB6,73,10.4
ATIC,88,12.5
RYR2,2,0.3
LRPPRC,249,35.4
NQO2,33,4.7
PPP1R1A,0,0
ADSS2,0,0
SOD3,0,0
FAM162A,15,2.1
CAV3,0,0
PSMA1,180,25.6
NDUFS6,17,2.4
ANXA4,18,2.6
PPIB,228,32.4
RPL5,395,56.2
ATP5IF1,0,0
SH3BGR,1,0.1
IGHA2,49,7
IMPA2,2,0.3
HTRA1,3,0.4
DYNLL2,183,26
LAMA4,0,0
RAB6A,143,20.3
RPS3,491,69.8
GFM1,40,5.7
IGKV2-24,9,1.3
ATP1A1,335,47.7
RAD23B,79,11.2
KRT2,628,89.3
IGHV3-30,1,0.1
APOE,5,0.7
TACO1,33,4.7
PSMB2,159,22.6
CNN1,7,1
ME1,27,3.8
NONO,505,71.8
HINT2,11,1.6
CAVIN3,8,1.1
NDUFS7,30,4.3
CALB2,0,0
CLEC3B,0,0
PHKA1,32,4.6
CHCHD3,61,8.7
CAVIN4,0,0
CAB39,1,0.1
GLRX5,20,2.8
ACO1,13,1.8
BSG,108,15.4
PLS3,208,29.6
TUBB2A,675,96
GPX4,25,3.6
FHOD1,37,5.3
PRPS1,225,32
F13A1,0,0
MICOS13,0,0
PCBD1,65,9.2
FKBP2,7,1
PTGR2,1,0.1
ISOC2,90,12.8
KPNB1,418,59.5
NDUFS2,43,6.1
CFD,1,0.1
TBCA,68,9.7
NAP1L4,277,39.4
CPT2,10,1.4
MYH4,21,3
CCT6A,413,58.7
MAP2K3,22,3.1
TOLLIP,13,1.8
APOOL,2,0.3
CACNB3,1,0.1
GSR,109,15.5
PSMB4,149,21.2
FAH,8,1.1
DPT,0,0
B2M,14,2
CILP,1,0.1
ITGB1,38,5.4
KLHL40,0,0
APOM,1,0.1
CAND2,27,3.8
RAB11B,125,17.8
PPP1CB,323,45.9
RIDA,12,1.7
APRT,90,12.8
FBN1,4,0.6
AFM,1,0.1
MTHFD1,311,44.2
NDUFB9,6,0.9
HSPA4,304,43.2
MCAM,3,0.4
HPR,8,1.1
ADPRH,0,0
RDX,225,32
IMPA1,33,4.7
EIF3K,169,24
LBP,0,0
PSMB5,201,28.6
STBD1,16,2.3
COL6A2,7,1
KRT74,226,32.1
NOL3,0,0
IGKV2-29,220,31.3
GSTK1,42,6
RPS20,383,54.5
IGKV1-5,2,0.3
APBB1IP,15,2.1
LANCL1,94,13.4
MT-CO1,2,0.3
MYH13,18,2.6
RPS10,336,47.8
AKR1C2,10,1.4
FARSB,139,19.8
LIPE,0,0
LGALS3,20,2.8
SAA4,0,0
PLEC,233,33.1
MTCH2,85,12.1
GLOD4,81,11.5
SAR1B,50,7.1
C5,24,3.4
CALR,205,29.2
SAMM50,10,1.4
GNPDA1,20,2.8
ACTBL2,628,89.3
RPS9,388,55.2
TMEM11,2,0.3
TNMD,0,0
PPA1,200,28.4
IGLV7-43,0,0
LYPLA1,27,3.8
CYB5A,5,0.7
KRT6B,570,81.1
USP5,148,21.1
PDLIM7,36,5.1
IGHV2-70D,0,0
C11orf54,1,0.1
RPS15A,401,57
RAC1,58,8.3
CUTC,2,0.3
TXNDC17,50,7.1
MYOZ2,1,0.1
ATL3,1,0.1
RPSA,335,47.7
PPP1CA,325,46.2
C1QB,2,0.3
XIRP1,2,0.3
TMA7,97,13.8
BGN,0,0
TUBB6,617,87.8
MPC2,1,0.1
CCT4,433,61.6
PLP1,0,0
PSMB6,189,26.9
CUL5,35,5
SBDS,33,4.7
RPL23A,418,59.5
BAG3,69,9.8
HDGF,174,24.8
ATP1B1,7,1
NCL,527,75
CLIC5,2,0.3
PF4,0,0
PSME1,69,9.8
RPS3A,434,61.7
CCT8,451,64.2
EIF4G1,293,41.7
VAPA,116,16.5
IGKV3D-20,0,0
GCSH,9,1.3
EPB41,151,21.5
NME1,320,45.5
CD9,0,0
MAP2K6,5,0.7
CCT5,457,65
GDI1,132,18.8
NAXD,0,0
SNTB2,26,3.7
MRPL20,23,3.3
COQ6,7,1
RPS12,382,54.3
DHRS7C,0,0
CMPK1,18,2.6
RSU1,42,6
RPL10A,280,39.8
IGHV3-38,0,0
CAPN2,21,3
PAFAH1B2,38,5.4
YBX1,448,63.7
BCAP31,104,14.8
CCT7,360,51.2
TSN,36,5.1
PSMB3,136,19.3
IGLV3-21,0,0
PON1,10,1.4
CAPZB,366,52.1
ATOX1,25,3.6
HPRT1,187,26.6
MYLK2,4,0.6
MFGE8,7,1
NDUFB6,0,0
SEPTIN7,0,0
NPM1,554,78.8
PHGDH,394,56
BLMH,63,9
VAMP5,9,1.3
SYNPO2,4,0.6
SUMO2,254,36.1
EHD4,12,1.7
GANAB,216,30.7
IGLV8-61,0,0
GNB2,151,21.5
ACOT9,63,9
UQCR11,7,1
TPD52L2,68,9.7
PNPLA2,1,0.1
RPLP0,436,62
COL14A1,3,0.4
UCHL3,24,3.4
ACADSB,51,7.3
RPS5,321,45.7
FN1,60,8.5
DYNC1H1,345,49.1
HNRNPD,489,69.6
CHCHD2,69,9.8
VCAN,2,0.3
PCOLCE2,0,0
HSPB3,0,0
ALDH3A2,118,16.8
CAND1,275,39.1
LAMB2,3,0.4
NDUFS5,26,3.7
MAPRE2,101,14.4
NIPSNAP3A,2,0.3
CACNA1S,0,0
HSD17B10,290,41.3
COL12A1,2,0.3
NACA,302,43
NDUFC2,10,1.4
PPIF,53,7.5
PPP1R7,33,4.7
PIN1,57,8.1
CDH13,1,0.1
ILK,10,1.4
GOSR2,7,1
CAST,101,14.4
NARS1,0,0
YWHAQ,410,58.3
MAPT,44,6.3
ALPK3,0,0
ERP44,64,9.1
IGHV6-1,6,0.9
NDUFB11,27,3.8
PA2G4,260,37
IQGAP1,197,28
KPNA4,127,18.1
CTSB,47,6.7
RPS6KA3,19,2.7
TXN2,6,0.9
MPST,34,4.8
ASAH1,15,2.1
EIF3J,53,7.5
MT-ND1,3,0.4
ALDH1L1,6,0.9
SERPINA6,1,0.1
IDH3G,12,1.7
CALU,147,20.9
MYO1C,152,21.6
TMOD4,4,0.6
BZW2,22,3.1
OXSR1,58,8.3
TPP1,37,5.3
C1S,5,0.7
JSRP1,2,0.3
PHKG1,0,0
COX7A2,27,3.8
MT-ND5,3,0.4
PCNP,176,25
MAPK1,47,6.7
SPR,10,1.4
TOMM70,22,3.1
PUDP,0,0
FBLN1,3,0.4
PGRMC2,112,15.9
BLVRA,98,13.9
CLIC1,147,20.9
TGFB1I1,9,1.3
NDUFA12,6,0.9
SETD7,5,0.7
PGM5,0,0
CAPZA2,232,33
COQ7,1,0.1
EIF5,172,24.5
SNCG,4,0.6
HNRNPL,460,65.4
TPPP3,0,0
PSMD8,134,19.1
GSTZ1,1,0.1
MYH14,318,45.2
SPTBN1,250,35.6
MAOA,0,0
RRAS,10,1.4
IGLV1-47,0,0
SERPINB1,17,2.4
UGDH,19,2.7
DARS1,0,0
RAB2A,81,11.5
PPP2R2A,304,43.2
DIABLO,96,13.7
COQ3,3,0.4
SCRN2,2,0.3
UNC45B,2,0.3
ACTR1A,208,29.6
PKIA,0,0
PTGR1,2,0.3
STRAP,319,45.4
ALDH1B1,90,12.8
PABPC1,408,58
GCLC,2,0.3
EPDR1,0,0
RPS2,447,63.6
CNDP2,18,2.6
OBSCN,1,0.1
SERPINF2,1,0.1
COPS8,52,7.4
C1QC,0,0
RPS6,466,66.3
C6,19,2.7
RPS18,399,56.8
SNX3,17,2.4
LRRC47,82,11.7
SGCD,2,0.3
POSTN,5,0.7
PSMD10,38,5.4
PSMC3,225,32
NDUFB8,1,0.1
AGMAT,1,0.1
ADIPOQ,0,0
PSMC2,313,44.5
CDC37,205,29.2
PDCD5,221,31.4
PSMB7,141,20.1
LRG1,0,0
TYMP,3,0.4
OTUB1,83,11.8
GRB2,80,11.4
HLA-DPB1,0,0
TST,21,3
RPN1,246,35
AFG3L2,75,10.7
ECPAS,0,0
LASP1,60,8.5
DMD,22,3.1
SCD,14,2
MT-ND2,0,0
MCTS1,49,7
DCUN1D2,1,0.1
HNRNPH1,558,79.4
DNPH1,32,4.6
RPS28,404,57.5
DCD,279,39.7
MYOZ3,0,0
ASS1,45,6.4
AOX1,1,0.1
GBE1,18,2.6
AQP1,0,0
KLKB1,0,0
L2HGDH,7,1
EIF1,93,13.2
ELOB,113,16.1
PPP3CB,26,3.7
KPNA3,143,20.3
PGK2,147,20.9
TSTA3,6,0.9
YBX3,363,51.6
PDIA6,357,50.8
APMAP,38,5.4
RPL18,399,56.8
IGLV3-10,0,0
THY1,2,0.3
RETSAT,0,0
PEA15,26,3.7
TIMM13,148,21.1
NIT2,16,2.3
DHRS7B,26,3.7
C4A,87,12.4
MYH10,379,53.9
PGLS,104,14.8
PSMD14,168,23.9
IGHV1-18,0,0
COQ10A,0,0
TRIP10,0,0
SCRN1,15,2.1
NT5C1A,0,0
PCBP2,475,67.6
CIRBP,208,29.6
ACTR1B,137,19.5
NCLN,41,5.8
IGKV1-6,9,1.3
IGHV5-51,0,0
CD5L,0,0
COX6A2,0,0
TPM4,311,44.2
NDUFS8,42,6
PNPO,20,2.8
BCL2L13,4,0.6
PABPC4,376,53.5
PHKA2,7,1
ANXA3,3,0.4
DNAJA4,1,0.1
PCCA,284,40.4
SET,384,54.6
PHKB,20,2.8
COPS4,102,14.5
GSS,18,2.6
GALM,0,0
TUBA1A,694,98.7
RPS7,368,52.3
C8A,4,0.6
TMED9,23,3.3
ARPC3,78,11.1
RPS4X,451,64.2
FAM49B,9,1.3
PDXK,58,8.3
SNTA1,2,0.3
AKAP12,182,25.9
SERPINA4,1,0.1
LAMB1,21,3
COPS6,49,7
COL4A2,3,0.4
VAPB,100,14.2
CNDP1,0,0
FXN,22,3.1
RPS24,353,50.2
TUBB3,665,94.6
IGHV5-10-1,0,0
RAB21,131,18.6
KARS1,0,0
ADHFE1,0,0
NDUFB7,0,0
SH3KBP1,7,1
AHNAK2,69,9.8
DMTN,3,0.4
MAP1LC3B2,6,0.9
LAMP2,25,3.6
MYH6,28,4
CAMK2B,33,4.7
RRBP1,172,24.5
PRMT1,262,37.3
TXNRD1,51,7.3
CPA3,0,0
HSPG2,8,1.1
HDHD5,53,7.5
CFI,0,0
PPA2,66,9.4
GPNMB,3,0.4
ARL8B,45,6.4
PTGES2,29,4.1
ACSL3,153,21.8
CPM,0,0
GNG12,72,10.2
DNAJA2,210,29.9
RPL27A,430,61.2
ALOX5AP,0,0
TXNL1,150,21.3
MAP3K20,6,0.9
COLEC12,2,0.3
SWAP70,33,4.7
AK4,27,3.8
YWHAH,313,44.5
CSE1L,318,45.2
TFG,126,17.9
SNX2,141,20.1
PDCD6IP,227,32.3
RPS19,334,47.5
PTPA,13,1.8
ARPC4,111,15.8
CTBP1,34,4.8
TFAM,107,15.2
SAA1,0,0
PGRMC1,128,18.2
RPL12,397,56.5
GGCT,96,13.7
MRPS21,52,7.4
NAGK,3,0.4
LPP,59,8.4
PAFAH1B3,24,3.4
UBA6,34,4.8
ARPC5,40,5.7
SORBS3,2,0.3
PFDN2,143,20.3
ITGA2B,0,0
THBS1,14,2
RPL32,184,26.2
RPL23,507,72.1
RPL35,302,43
ACSF2,1,0.1
NDUFA7,20,2.8
PGLYRP2,0,0
ENOPH1,10,1.4
PSMD2,271,38.5
PPME1,35,5
FDPS,60,8.5
COPS2,43,6.1
DDX17,523,74.4
SGCG,0,0
CBR4,0,0
UBL5,22,3.1
CAB39L,0,0
IGHV3-21,0,0
MYH11,374,53.2
MMP3,3,0.4
NID2,3,0.4
COL4A1,7,1
HHATL,2,0.3
FN3K,3,0.4
SH3BGRL,21,3
UTRN,83,11.8
NUCB2,34,4.8
BST2,3,0.4
MAT2A,228,32.4
PSMD13,160,22.8
DDI2,16,2.3
CAPN3,0,0
RPL13A,294,41.8
CILP2,3,0.4
COTL1,11,1.6
ATE1,1,0.1
PSMD12,221,31.4
COMT,32,4.6
COPG2,224,31.9
IGKV2-30,218,31
ALDH6A1,2,0.3
IMPDH2,195,27.7
MYOF,29,4.1
PSMD5,2,0.3
STK26,41,5.8
TXLNB,0,0
ATP5F1E,0,0
CARM1,81,11.5
SH3BGRL3,24,3.4
SGCB,0,0
APOC4,0,0
MYOM3,5,0.7
FBXO7,4,0.6
MAP2K1,32,4.6
DYNLL1,240,34.1
PRKAR2B,67,9.5
SQOR,2,0.3
PSME2,82,11.7
CPNE3,91,12.9
IGHV3-9,0,0
ECHDC1,12,1.7
ASPH,28,4
GNAS,207,29.4
CAMK2G,34,4.8
APOO,5,0.7
JPH2,0,0
PTMS,60,8.5
IGKV1D-13,20,2.8
ART3,0,0
LAMC1,36,5.1
SRSF2,293,41.7
ENDOG,3,0.4
SYNGR2,6,0.9
IGHV1-69D,0,0
XRCC5,428,60.9
TMEM38A,0,0
SDR39U1,2,0.3
TMLHE,4,0.6
SYNJ2BP,0,0
PLCD4,0,0
SNRPD1,356,50.6
PRKG1,0,0
KRT14,523,74.4
PC,306,43.5
OPA1,41,5.8
SEC22B,85,12.1
SERPINB3,45,6.4
OXCT1,67,9.5
PFDN6,44,6.3
TSPO,4,0.6
MTR,57,8.1
ALDH7A1,87,12.4
IGFBP6,0,0
PSMD11,204,29
DNM1L,122,17.4
NID1,1,0.1
HSD17B8,2,0.3
SORBS1,17,2.4
PDAP1,233,33.1
HNRNPA3,447,63.6
H1-0,0,0
IGHV3-35,0,0
PARVA,9,1.3
LACTB,10,1.4
FSCN1,100,14.2
JPH1,31,4.4
RPS13,311,44.2
PROCR,0,0
RPL31,335,47.7
TGFBI,2,0.3
NSF,98,13.9
PRMT5,285,40.5
TOM1,29,4.1
NQO1,5,0.7
SELENOW,0,0
COPS5,42,6
DAG1,1,0.1
SRP9,208,29.6
PREB,7,1
DCTN2,219,31.2
PSMD4,220,31.3
LONP1,149,21.2
AKAP2,96,13.7
BCHE,0,0
FUS,428,60.9
KERA,0,0
CNN3,213,30.3
DPM3,11,1.6
COBL,10,1.4
RTCB,290,41.3
SEPTIN9,0,0
RPL38,300,42.7
EIF2S1,240,34.1
SLC25A20,1,0.1
ARHGAP1,21,3
COPS7A,44,6.3
ELOC,141,20.1
DBT,143,20.3
BDH1,0,0
PAFAH1B1,66,9.4
SLC25A42,0,0
SAMHD1,120,17.1
NEK7,5,0.7
ABCB6,0,0
CTSA,14,2
MRPS36,43,6.1
ERI3,3,0.4
UBE2M,140,19.9
RPL8,390,55.5
NDUFS4,15,2.1
RPS17,342,48.6
RAP2B,14,2
TMED10,66,9.4
KRT77,592,84.2
SELENOF,20,2.8
IFIT3,1,0.1
SMYD2,2,0.3
VPS4A,14,2
SGCA,0,0
ACLY,296,42.1
PRKAA2,12,1.7
PROS1,0,0
DNPEP,8,1.1
PLPBP,84,11.9
DPY30,169,24
REEP6,1,0.1
LYVE1,0,0
NTM,0,0
RAB14,151,21.5
KRT13,441,62.7
RPL13,474,67.4
MRPS5,66,9.4
RALA,23,3.3
KIF5B,245,34.9
PSMD1,217,30.9
WASF2,103,14.7
DIAPH2,14,2
IRF4,0,0
PFDN1,56,8
PDK4,0,0
SCCPDH,12,1.7
SLC25A10,85,12.1
SLMAP,11,1.6
DBN1,204,29
GCDH,24,3.4
IGHV4-28,0,0
MGLL,5,0.7
SCRN3,3,0.4
MAP1B,260,37
MECR,0,0
TRAP1,478,68
DENR,52,7.4
ENDOD1,1,0.1
COQ10B,0,0
SEPTIN2,0,0
UBE2K,31,4.4
EPRS1,0,0
GPS1,67,9.5
PANK4,18,2.6
TRDN,0,0
LCAT,0,0
CYBRD1,2,0.3
ABI3BP,0,0
HNRNPR,422,60
AP2A1,80,11.4
NAPRT,1,0.1
PEPD,44,6.3
SULT1A1,78,11.1
RPS21,252,35.8
ERAP1,2,0.3
ERGIC1,3,0.4
RPS15,239,34
PLIN2,0,0
EFEMP1,2,0.3
IVD,25,3.6
RPL17,424,60.3
SLC1A4,0,0
PALM,11,1.6
SYNCRIP,459,65.3
PTBP1,438,62.3
RPS8,498,70.8
SPRYD4,9,1.3
DPP3,24,3.4
CCS,9,1.3
MT-ATP8,7,1
OCIAD1,23,3.3
QSOX1,1,0.1
PSME3,198,28.2
TNS1,6,0.9
EIF3A,287,40.8
PURA,55,7.8
ESYT1,173,24.6
SUCLG2,38,5.4
DDOST,148,21.1
VARS1,0,0
RPL27,324,46.1
C1R,0,0
MRC1,0,0
LPA,0,0
ITGA7,0,0
NPLOC4,97,13.8
FECH,15,2.1
GLIPR2,7,1
NIBAN1,0,0
ISOC1,40,5.7
FETUB,0,0
ADD2,44,6.3
ABHD10,16,2.3
NDUFA11,1,0.1
SLC1A5,236,33.6
TRIM54,0,0
SNRPD3,377,53.6
CLTA,160,22.8
ME2,34,4.8
SH3GL1,109,15.5
PSMC4,210,29.9
RTCA,31,4.4
ABLIM1,90,12.8
NDUFB5,3,0.4
ERLIN2,113,16.1
PDCD6,111,15.8
LXN,0,0
COMMD9,11,1.6
VAMP3,81,11.5
PPP1R12A,145,20.6
LYPLA2,128,18.2
VAMP2,74,10.5
RPL7A,398,56.6
ANPEP,2,0.3
UBE2I,72,10.2
NRAP,3,0.4
PSMC5,294,41.8
PRKAG1,43,6.1
XRCC6,388,55.2
PAICS,322,45.8
MTAP,50,7.1
MEAK7,0,0
TINAGL1,0,0
SLC16A1,172,24.5
HLA-DRA,0,0
PPP1R14A,0,0
FAM114A2,47,6.7
CPPED1,19,2.7
RPN2,179,25.5
CYB5B,31,4.4
NAMPT,135,19.2
CAMK2A,24,3.4
COL28A1,0,0
PSAPL1,4,0.6
SGTA,44,6.3
CNN2,164,23.3
IGLL1,3,0.4
RTN1,27,3.8
IAH1,23,3.3
UBAC1,5,0.7
CLTB,77,11
TMCO1,30,4.3
ATP1B3,55,7.8
HNRNPA1,552,78.5
CMA1,0,0
APOL1,0,0
SUOX,1,0.1
HSPB8,3,0.4
IGKV1-8,16,2.3
PSMD9,13,1.8
MCEE,1,0.1
SIRT3,0,0
XPNPEP1,14,2
MAPRE1,118,16.8
SRSF1,280,39.8
SHMT1,102,14.5
SRSF6,326,46.4
HNRNPH2,540,76.8
SLC25A1,175,24.9
TMEM205,1,0.1
CKAP4,168,23.9
G6PD,89,12.7
ERP29,85,12.1
DNM2,113,16.1
H2AX,0,0
SFRP1,1,0.1
CRABP2,7,1
CACNB1,0,0
VTA1,32,4.6
SVIP,2,0.3
ACY1,1,0.1
OLFML1,0,0
CALD1,158,22.5
GGT5,0,0
RPL35A,220,31.3
RANBP1,259,36.8
STUB1,125,17.8
METAP2,9,1.3
CARNS1,2,0.3
BZW1,35,5
CTSG,1,0.1
MAPK12,4,0.6
RBP7,0,0
MTX2,20,2.8
GCLM,29,4.1
SYPL1,20,2.8
RARRES2,0,0
FERMT2,81,11.5
MRRF,20,2.8
HNRNPU,578,82.2
NIT1,4,0.6
KLC1,153,21.8
COQ5,2,0.3
RNF123,2,0.3
MGP,0,0
COPB2,164,23.3
SYNM,25,3.6
SEC23A,125,17.8
USO1,155,22
SARS1,0,0
GARS1,0,0
IGKV1D-33,10,1.4
GMFG,8,1.1
ASPA,0,0
PGM2,25,3.6
KRAS,24,3.4
THAP4,0,0
NIF3L1,1,0.1
GSTT2,0,0
GRPEL1,125,17.8
RNF7,1,0.1
SFRP4,0,0
IGLV2-14,0,0
RPS11,340,48.4
RPL30,255,36.3
LIMS1,6,0.9
DDAH2,1,0.1
MCFD2,8,1.1
TLN2,88,12.5
TNC,2,0.3
ANG,0,0
CADM4,0,0
GLYAT,0,0
PTRHD1,3,0.4
FAHD1,6,0.9
MCM3AP,52,7.4
HSD17B12,97,13.8
HBQ1,0,0
EPB41L2,191,27.2
HNRNPDL,369,52.5
H2AZ1,0,0
SEPTIN11,0,0
DHCR24,9,1.3
UFM1,18,2.6
PPP5C,39,5.5
CNBP,37,5.3
SELENOP,0,0
ATP6V1E1,43,6.1
RTN3,54,7.7
C7,11,1.6
CPN2,0,0
MAPK3,20,2.8
PUF60,307,43.7
PICALM,78,11.1
COX19,1,0.1
ACAT2,76,10.8
VKORC1L1,1,0.1
PDIA4,168,23.9
FAM136A,8,1.1
CD14,0,0
VPS35,75,10.7
FOLR2,0,0
PRKAA1,18,2.6
HBZ,6,0.9
PZP,43,6.1
COA6,27,3.8
RPL6,432,61.5
STAB1,0,0
MCU,1,0.1
CPB2,1,0.1
SMAP1,106,15.1
CNRIP1,1,0.1
VPS26A,40,5.7
RNASE7,2,0.3
ARPP19,52,7.4
ARPC2,71,10.1
GSTM4,3,0.4
OPTN,7,1
ARF6,27,3.8
PRDX4,394,56
PSMB8,1,0.1
DYNC1LI2,109,15.5
CD44,13,1.8
PHLDB1,0,0
TPP2,59,8.4
SPARC,1,0.1
HMBS,10,1.4
AIMP1,163,23.2
AHSA1,230,32.7
CRIP2,7,1
ACTR3,137,19.5
TIPRL,136,19.3
PVALB,0,0
PPM1B,159,22.6
HIKESHI,1,0.1
QARS1,0,0
IGLV1-40,0,0
LGALS3BP,102,14.5
USP9X,177,25.2
KCTD12,74,10.5
CORO1C,281,40
PITHD1,34,4.8
TMX4,1,0.1
TGM2,10,1.4
MMUT,0,0
TBCB,162,23
STMN1,276,39.3
NUDT3,3,0.4
NDUFA1,0,0
KRT5,508,72.3
NDUFA3,0,0
ACAD8,2,0.3
SUB1,334,47.5
ADK,14,2
PPL,6,0.9
SSB,296,42.1
LAMP1,31,4.4
RAB8B,161,22.9
EIF1AX,157,22.3
CSDE1,191,27.2
FBLN2,2,0.3
RAB1A,195,27.7
MPP1,14,2
NRBP1,13,1.8
MFAP5,0,0
HMGCL,30,4.3
EYA3,67,9.5
CCDC58,14,2
LAMTOR3,5,0.7
REXO2,9,1.3
DDX1,331,47.1
CTSH,1,0.1
AP2B1,183,26
ITGA6,0,0
HINT3,6,0.9
DRG2,30,4.3
MPC1,0,0
FCN3,0,0
PSMD6,187,26.6
TUBB1,584,83.1
CIAO2A,0,0
IGLV3-25,0,0
LDHD,0,0
NAP1L1,374,53.2
HLA-A,114,16.2
HNRNPC,444,63.2
CIAPIN1,138,19.6
APEX1,109,15.5
FXYD1,0,0
ADPRHL2,20,2.8
COA3,25,3.6
CNIH4,54,7.7
DTD1,25,3.6
NRAS,24,3.4
ACTR2,140,19.9
C8G,8,1.1
CARHSP1,30,4.3
RAB12,130,18.5
ADD3,120,17.1
ECM1,14,2
SLIRP,113,16.1
UBXN1,63,9
NPEPL1,1,0.1
OPCML,0,0
MYL4,3,0.4
MSI2,44,6.3
NAPG,1,0.1
AIFM2,1,0.1
VPS29,31,4.4
RPS14,514,73.1
DDX19A,67,9.5
EIF4E,97,13.8
C8B,18,2.6
DYNC1I2,163,23.2
FLOT1,45,6.4
TNXB,0,0
DHX15,432,61.5
SSBP1,169,24
PPP1R2,74,10.5
TIMM44,112,15.9
METTL26,4,0.6
IGLV3-19,0,0
IBA57,46,6.5
XPO1,237,33.7
TMEM119,2,0.3
RPL24,447,63.6
FBLN5,2,0.3
ATP6V1A,153,21.8
GNG11,0,0
ARMT1,4,0.6
MLEC,7,1
NXN,11,1.6
EIF3B,282,40.1
DAB2,26,3.7
DDX39B,400,56.9
SNX12,11,1.6
DTNA,24,3.4
NT5DC1,40,5.7
GLUL,58,8.3
GLRX3,111,15.8
RCN3,0,0
GNA11,33,4.7
FLOT2,44,6.3
SPPL2A,1,0.1
RPL9,390,55.5
PPM1A,139,19.8
ATP6V0D1,12,1.7
VPS25,7,1
MT-ND3,0,0
CTSC,15,2.1
GMPR,0,0
CHMP2A,3,0.4
TRMT112,49,7
RPL15,365,51.9
EPHX2,0,0
FERMT3,1,0.1
PFDN5,83,11.8
ITGAV,0,0
ELANE,2,0.3
CD248,2,0.3
ALYREF,390,55.5
RPIA,0,0
RRAD,1,0.1
SESN3,0,0
NT5E,2,0.3
RRAS2,20,2.8
VPS13C,12,1.7
IDI1,31,4.4
HSPA12A,3,0.4
MACROH2A1,0,0
RPL26,312,44.4
RBM38,0,0
RPL4,444,63.2
RARS1,0,0
TXNDC5,149,21.2
ABCF1,288,41
PPIL3,63,9
NT5C,2,0.3
SERPINA7,0,0
H1FX,257,36.6
HDHD2,3,0.4
PAK2,77,11
DEPTOR,0,0
PRPSAP2,135,19.2
RDH5,0,0
NLN,11,1.6
BTF3L4,10,1.4
CDV3,97,13.8
EIF3E,209,29.7
RAB5B,103,14.7
ARL3,15,2.1
CAPG,7,1
SH3GLB1,30,4.3
SNTB1,8,1.1
GSPT1,180,25.6
MYADM,5,0.7
COL3A1,4,0.6
ISCA2,10,1.4
ITGB2,0,0
PTGIS,0,0
STK38,285,40.5
HABP2,1,0.1
EIF2S3,270,38.4
TIMM50,354,50.4
IPO7,191,27.2
UQCC3,4,0.6
DCTN1,232,33
LMAN2,22,3.1
NDUFV3,18,2.6
DDX3X,498,70.8
CUL4A,167,23.8
PIGBOS1,0,0
ECHDC3,1,0.1
HMGCS2,14,2
MAL2,1,0.1
LRP1,32,4.6
LNPK,0,0
NSUN4,3,0.4
DCUN1D1,0,0
PCTP,0,0
SEPTIN8,0,0
MSRB2,24,3.4
PRG4,0,0
CDKN2C,0,0
PIN4,144,20.5
SMS,21,3
AGO2,92,13.1
PPTC7,0,0
LRBA,90,12.8
RCN1,107,15.2
UBXN6,15,2.1
CUL3,46,6.5
CLEC11A,2,0.3
ADD1,140,19.9
ATP6V1G1,48,6.8
CLIP1,15,2.1
NEFL,187,26.6
GNAI1,155,22
EIF3C,274,39
PSMD3,269,38.3
MT-CYB,0,0
CLNS1A,205,29.2
CD163,1,0.1
NUCB1,43,6.1
ASNA1,40,5.7
C2,0,0
DHX9,470,66.9
ATPAF2,3,0.4
EIF3G,289,41.1
COX17,180,25.6
TMEM70,3,0.4
SURF1,2,0.3
AHCYL1,73,10.4
ACAN,0,0
STXBP1,2,0.3
STXBP3,13,1.8
TMEM256,6,0.9
GYPC,0,0
TBC1D17,0,0
EML1,1,0.1
SCARB2,2,0.3
CNP,70,10
LIMA1,218,31
DNAJC11,29,4.1
RCN2,208,29.6
PITRM1,63,9
HMOX2,20,2.8
BST1,1,0.1
U2AF1L5,351,49.9
SLC41A3,0,0
CD151,0,0
SCOC,23,3.3
MAT2B,45,6.4
CHCHD10,0,0
CPNE1,82,11.7
RBMX,377,53.6
CD63,0,0
MTRES1,0,0
AP1B1,147,20.9
PLIN5,1,0.1
PALM2,28,4
IST1,8,1.1
TMED2,42,6
NDUFAF4,34,4.8
IGFBP7,8,1.1
CHMP3,3,0.4
MSRA,0,0
SESN1,0,0
GART,336,47.8
OXSM,0,0
TMEM143,2,0.3
SMIM20,0,0
MT-ND4,1,0.1
TMX3,17,2.4
ATP6V1B2,90,12.8
STX7,7,1
NPL,0,0
DYNLRB1,136,19.3
CCDC22,10,1.4
HNRNPF,528,75.1
RHOG,14,2
RUVBL2,310,44.1
H1-5,0,0
CUL2,35,5
F13B,0,0
HMGB2,161,22.9
CPT1A,9,1.3
SLC44A2,0,0
SHMT2,221,31.4
ZADH2,12,1.7
CD38,0,0
COPS3,109,15.5
KYAT1,1,0.1
IGHV1-3,0,0
TMOD1,31,4.4
SRM,85,12.1
SH3D19,25,3.6
STX4,1,0.1
EEA1,38,5.4
NNMT,0,0
UBE4A,8,1.1
RAB2B,58,8.3
RDH14,3,0.4
C1RL,0,0
GABARAPL2,8,1.1
CELF1,26,3.7
CUL1,81,11.5
INPP1,1,0.1
BAG2,247,35.1
HNRNPH3,239,34
ALDH16A1,27,3.8
HEBP1,10,1.4
PARVB,0,0
UBAP2,134,19.1
RMDN1,12,1.7
IGF2,0,0
H6PD,0,0
NAE1,36,5.1
MIEN1,3,0.4
RBBP4,393,55.9
EIF3F,272,38.7
ITGA1,1,0.1
FN3KRP,87,12.4
MPV17,5,0.7
VPS4B,27,3.8
RPS27,411,58.5
IDE,44,6.3
CLIC4,46,6.5
HEXB,35,5
NFU1,28,4
HBS1L,94,13.4
SEC23IP,92,13.1
NANS,38,5.4
RPL11,495,70.4
MESD,0,0
RASA4,0,0
CPN1,0,0
YKT6,67,9.5
PYURF,0,0
LACTB2,2,0.3
SNRPE,259,36.8
TNFAIP2,1,0.1
CD55,1,0.1
TMX1,53,7.5
SEC14L4,0,0
C11orf68,0,0
ARIH2,2,0.3
CNPY4,0,0
MRPS17,48,6.8
PRKCQ,0,0
SRPRB,90,12.8
ARHGDIB,4,0.6
CSRP2,217,30.9
USP15,182,25.9
HPCAL1,0,0
LARS2,18,2.6
MDP1,0,0
COL15A1,10,1.4
DPP4,2,0.3
MRPL12,175,24.9
RNF149,0,0
CES2,0,0
FSTL1,2,0.3
PDZK1IP1,0,0
ACAA1,25,3.6
PTPN11,158,22.5
IL18,2,0.3
SFXN3,31,4.4
UFC1,12,1.7
SUMF2,18,2.6
F12,0,0
SLC14A1,0,0
KANK2,87,12.4
DEK,193,27.5
LRRC59,175,24.9
BDH2,2,0.3
MOB1A,68,9.7
AIMP2,172,24.5
RPL19,458,65.1
PRTN3,1,0.1
TIMM8A,101,14.4
FARSA,174,24.8
MPO,3,0.4
CDH5,0,0
CTSZ,13,1.8
VWF,1,0.1
STOML2,111,15.8
SRSF3,392,55.8
EFHD2,139,19.8
MGMT,15,2.1
NHLRC2,59,8.4
MAPK9,10,1.4
SSPN,0,0
PECAM1,0,0
RAB5A,108,15.4
PSMD7,144,20.5
SIAE,0,0
IGLC3,33,4.7
MAPK14,5,0.7
EHBP1L1,14,2
EPB41L1,83,11.8
RAB8A,164,23.3
SNX5,34,4.8
MMP9,2,0.3
OPLAH,0,0
TMEM126A,3,0.4
EIF2S2,176,25
EIF6,216,30.7
BOLA2,250,35.6
PFKFB1,11,1.6
WDR77,250,35.6
SFPQ,484,68.8
LAMA2,0,0
LZIC,15,2.1
PDK2,0,0
RALB,17,2.4
RPS26,375,53.3
MYH8,19,2.7
CDC42EP4,2,0.3
ABCF2,137,19.5
IGHD,0,0
AP2M1,48,6.8
PITPNB,61,8.7
HSD17B4,139,19.8
ACAD9,32,4.6
TATDN3,0,0
HNRNPAB,442,62.9
CDIPT,64,9.1
HNMT,0,0
MTARC1,0,0
KHSRP,403,57.3
BCKDK,49,7
LTF,61,8.7
NPC2,1,0.1
UFD1,68,9.7
MVP,15,2.1
RPL29,399,56.8
PRKAB2,1,0.1
F11R,0,0
SIRT5,0,0
RNF114,20,2.8
THEM6,4,0.6
SCP2,45,6.4
DMAC2L,0,0
HDLBP,218,31
PMM2,8,1.1
ACSS1,0,0
CBR3,106,15.1
RAB9A,21,3
TOMM40,91,12.9
ABI1,83,11.8
ARPC1B,44,6.3
LGALSL,1,0.1
COPB1,278,39.5
RTN4IP1,3,0.4
HLA-DRB3,0,0
AARS1,0,0
SERBP1,468,66.6
THNSL2,2,0.3
TXNDC12,194,27.6
DDX19B,65,9.2
ZYX,181,25.7
IGFALS,0,0
MCCC1,280,39.8
AARSD1,1,0.1
MRPL53,42,6
PIGS,9,1.3
SRP14,338,48.1
INF2,107,15.2
LMAN1,31,4.4
CORO1B,157,22.3
PFAS,166,23.6
AEBP1,4,0.6
RPL21,329,46.8
JUP,244,34.7
ANKFY1,83,11.8
KHDRBS1,348,49.5
SUGT1,190,27
CD109,2,0.3
UBA3,14,2
NDRG1,97,13.8
GNS,35,5
PLCD1,0,0
D2HGDH,0,0
PLGRKT,0,0
EZR,264,37.6
RDH13,6,0.9
PTN,1,0.1
DBNL,146,20.8
LYPLAL1,15,2.1
PECR,0,0
FAM98B,113,16.1
ATL2,12,1.7
PPP2R5A,0,0
ITIH5,0,0
DNAJB1,143,20.3
CRADD,0,0
LETM1,64,9.1
TUBB4A,668,95
CLYBL,1,0.1
NFIC,59,8.4
AUH,0,0
ENSA,115,16.4
DCLK1,15,2.1
PPIL1,94,13.4
STX12,1,0.1
ATP6V1C1,7,1
COX8A,0,0
UBE2A,9,1.3
ABCA8,0,0
IGHV3-49,0,0
MTM1,1,0.1
TXNRD2,2,0.3
BCKDHB,34,4.8
GM2A,7,1
ATP1A3,300,42.7
C6orf136,0,0
PRPSAP1,88,12.5
ETF1,167,23.8
TMSB4X,34,4.8
EIF3L,204,29
NDUFAF6,0,0
RBKS,2,0.3
SENP8,0,0
ARCN1,263,37.4
HIST2H2AC,552,78.5
TATDN1,0,0
C19orf12,0,0
MICU1,17,2.4
ACOT7,128,18.2
IGLV2-18,0,0
DHTKD1,10,1.4
CHMP1B,0,0
MGST2,2,0.3
IMPACT,1,0.1
TNKS1BP1,85,12.1
HNRNPM,520,74
RPL36,221,31.4
NUDCD2,14,2
PRKCD,3,0.4
EPB41L3,184,26.2
SYNPO2L,1,0.1
EGFR,32,4.6
CLIC6,2,0.3
MTIF2,3,0.4
OPA3,0,0
LIMCH1,89,12.7
PLAA,28,4
PFKFB2,21,3
F10,1,0.1
FAHD2A,2,0.3
BROX,8,1.1
HSPBP1,33,4.7
EIF3M,162,23
NUDCD1,7,1
RPL3,402,57.2
UBQLN1,31,4.4
BCKDHA,65,9.2
SSC5D,0,0
PRUNE1,54,7.7
CYB5R2,0,0
KRT6A,515,73.3
FCGR2B,0,0
CSTA,57,8.1
CHMP4B,109,15.5
ATAD3A,229,32.6
ILVBL,39,5.5
ITIH3,4,0.6
NASP,327,46.5
SORBS2,8,1.1
NAA50,39,5.5
ATRN,0,0
DHRS11,2,0.3
PPP1R14B,13,1.8
LPCAT3,1,0.1
PPP1R12B,5,0.7
BPNT1,31,4.4
EIF4E3,0,0
CYP27A1,0,0
KPNA6,155,22
ITPA,19,2.7
IGKJ1,0,0
LMNB2,156,22.2
PGM2L1,1,0.1
BOLA3,3,0.4
PARP1,438,62.3
TSG101,17,2.4
GLS,54,7.7
SMTN,11,1.6
AP2A2,80,11.4
RO60,0,0
LSM3,108,15.4
SERPINA5,0,0
RFTN1,10,1.4
CSNK2A1,150,21.3
CDNF,0,0
HNRNPUL1,254,36.1
STAT5B,16,2.3
PPM1F,8,1.1
CA14,0,0
ITGB4,0,0
MICOS10,0,0
UBE3A,14,2
IFITM3,2,0.3
GDA,2,0.3
SORT1,4,0.6
MME,2,0.3
PRCP,9,1.3
LANCL2,80,11.4
ATPAF1,9,1.3
MICU2,6,0.9
ETFRF1,0,0
CFHR1,0,0
ETHE1,4,0.6
MLIP,0,0
CTTN,318,45.2
EDF1,191,27.2
MYL9,217,30.9
IPO9,120,17.1
COPZ1,111,15.8
C9orf64,7,1
RHOC,77,11
FHIT,0,0
EIF3D,249,35.4
GALK1,51,7.3
AIP,39,5.5
TSNAX,76,10.8
PCOLCE,2,0.3
BCO2,0,0
ILF3,379,53.9
G3BP2,214,30.4
STAT3,136,19.3
EMC7,1,0.1
ACSS2,0,0
FITM1,0,0
SRP54,120,17.1
LHPP,1,0.1
ARRB1,0,0
AASDHPPT,51,7.3
ARL8A,42,6
NEGR1,0,0
CDA,5,0.7
IGHV3-15,1,0.1
COX20,0,0
CHCHD7,0,0
LAMTOR5,15,2.1
TOM1L2,20,2.8
AIDA,1,0.1
LAMB3,4,0.6
LAMTOR1,16,2.3
UROD,20,2.8
MAP2K4,2,0.3
HNRNPA0,405,57.6
UQCC2,6,0.9
TECR,192,27.3
EWSR1,301,42.8
LIN7C,23,3.3
METAP1,11,1.6
RCSD1,0,0
QKI,25,3.6
GNA13,146,20.8
STIM1,7,1
CLINT1,161,22.9
PDP1,0,0
PSAT1,72,10.2
ITSN1,63,9
TARDBP,324,46.1
AP2S1,10,1.4
RAB18,84,11.9
HARS1,0,0
PGPEP1,0,0
MBNL1,8,1.1
CACNA1C,0,0
CYBB,1,0.1
CORO6,7,1
PALMD,2,0.3
VTI1B,3,0.4
VPS36,0,0
PCCB,263,37.4
TMED4,2,0.3
SSR4,254,36.1
COX11,2,0.3
C4BPB,0,0
TIMM9,9,1.3
SFXN1,140,19.9
GBP1,0,0
TKFC,1,0.1
UBE2G1,1,0.1
OSBP,13,1.8
HLA-DRB5,0,0
ITGA5,0,0
AGK,88,12.5
PCYT1A,59,8.4
MRPS23,85,12.1
PLP2,23,3.3
CYSTM1,1,0.1
SIRT2,5,0.7
ESYT2,77,11
COPA,202,28.7
MLYCD,3,0.4
UAP1,11,1.6
LRPAP1,31,4.4
FKBP4,197,28
SYNPO,25,3.6
EPM2A,37,5.3
DCAF6,0,0
DYNC1LI1,105,14.9
PIP4K2A,33,4.7
ISLR,0,0
UBE3C,18,2.6
LNPEP,4,0.6
SCAMP3,56,8
TMED5,6,0.9
CTNNA1,114,16.2
STEAP4,0,0
NUDT2,3,0.4
VPS37C,2,0.3
BCS1L,14,2
LSM2,75,10.7
FYCO1,5,0.7
SERPINB9,3,0.4
TNPO1,130,18.5
EIF4B,344,48.9
POC1B,2,0.3
LMOD2,0,0
MAPKAPK2,54,7.7
RIC8A,17,2.4
MYPN,21,3
RPL36AL,203,28.9
FAF1,13,1.8
PYCARD,0,0
SDCBP,55,7.8
MFN2,3,0.4
DUSP23,0,0
TACC1,80,11.4
EIF4G2,119,16.9
BASP1,121,17.2
NGLY1,9,1.3
MRPL24,42,6
NUDC,296,42.1
TUBB8,620,88.2
MRPL45,41,5.8
CYTH1,0,0
PRKRA,58,8.3
LCMT1,7,1
LYZ,74,10.5
MRC2,1,0.1
PPP2R3A,4,0.6
JAGN1,12,1.7
HSCB,2,0.3
PIP,59,8.4
NUDT5,124,17.6
HYOU1,129,18.3
MTX1,13,1.8
FBN2,4,0.6
U2AF2,231,32.9
ACOT1,84,11.9
SEC13,194,27.6
CLASP2,98,13.9
PDGFRB,3,0.4
GYPA,0,0
ATP2B4,58,8.3
HLA-B,118,16.8
EHBP1,76,10.8
SNX1,140,19.9
RBP1,3,0.4
PCYT2,3,0.4
LSS,13,1.8
ABLIM2,0,0
GAA,17,2.4
PFDN4,42,6
FUBP1,240,34.1
NES,28,4
GNAQ,24,3.4
SAE1,102,14.5
ACSL4,130,18.5
TMED7,4,0.6
RRAGC,3,0.4
CBX3,309,44
TRAPPC3,17,2.4
RANGAP1,283,40.3
HTRA2,3,0.4
ARPC1A,62,8.8
SCO1,18,2.6
YARS2,65,9.2
APIP,8,1.1
NPTN,16,2.3
RUVBL1,378,53.8
RPS23,413,58.7
OSTF1,1,0.1
NOMO2,46,6.5
GRSF1,114,16.2
DIAPH1,127,18.1
CPTP,0,0
KDSR,2,0.3
SLC37A4,3,0.4
HSPA1L,693,98.6
PLBD2,27,3.8
THOP1,46,6.5
MXRA7,41,5.8
HBM,0,0
CLPP,34,4.8
SNRPD2,340,48.4
UFL1,53,7.5
TOMM5,1,0.1
PEBP4,0,0
MOB2,61,8.7
MAVS,75,10.7
PLTP,0,0
PXN,82,11.7
F9,0,0
TIMM10,10,1.4
PCNA,268,38.1
FGGY,0,0
PCK1,2,0.3
FKBP5,48,6.8
TRIM25,136,19.3
ROMO1,0,0
CARS1,0,0
RAP1A,115,16.4
TPPP,1,0.1
LSM8,102,14.5
DHRS4,17,2.4
NMNAT3,0,0
TSTD1,1,0.1
COPG1,228,32.4
PAK1,51,7.3
TMOD3,169,24
RABGGTA,12,1.7
DUSP28,0,0
MARCKS,283,40.3
NMT1,113,16.1
PPID,15,2.1
PLA2G4C,0,0
CNPY2,48,6.8
FCGRT,0,0
HDGFL2,185,26.3
PTGFRN,2,0.3
NUBPL,2,0.3
LGMN,13,1.8
RPA2,135,19.2
IGFBP5,1,0.1
CD276,0,0
SLC25A46,0,0
SNRNP70,266,37.8
CPQ,0,0
PDPR,2,0.3
UBE2O,127,18.1
PELO,63,9
S100A16,10,1.4
LUC7L2,332,47.2
LYRM7,3,0.4
HDDC2,96,13.7
WBP2,16,2.3
MAGT1,13,1.8
OSBPL11,52,7.4
MCCC2,251,35.7
LSM4,139,19.8
CBFB,4,0.6
TRMT10C,76,10.8
POR,31,4.4
EPS15L1,116,16.5
SNF8,4,0.6
ABHD5,0,0
MT2A,24,3.4
PI16,0,0
MTARC2,0,0
COL18A1,4,0.6
RBM3,176,25
JPT1,169,24
CD34,0,0
ISYNA1,109,15.5
EIF4EBP1,32,4.6
ACACB,265,37.7
IRGQ,8,1.1
PDIA5,6,0.9
RPL18A,300,42.7
SND1,265,37.7
DNAJB4,12,1.7
RNASE1,0,0
HLA-DRB1,0,0
GMPPA,7,1
TRIM28,466,66.3
HLA-C,118,16.8
CDS2,4,0.6
TUBB2B,675,96
APPL1,7,1
SYNE2,26,3.7
LTBP2,0,0
BTD,0,0
SZRD1,1,0.1
NRIP2,1,0.1
RPL10,369,52.5
SMYD5,6,0.9
IGHV3-43,0,0
ABHD11,9,1.3
OSTC,7,1
MAPRE3,43,6.1
TBCEL,4,0.6
SLC27A1,0,0
SPG7,0,0
TWF1,132,18.8
LMOD3,0,0
UGGT1,69,9.8
BPI,1,0.1
SDF4,45,6.4
EIF3I,280,39.8
UBE2B,0,0
SH3GLB2,27,3.8
ABCF3,11,1.6
SRA1,0,0
HUWE1,204,29
APOF,0,0
MYO18A,25,3.6
RPL3L,107,15.2
TSFM,43,6.1
RPA1,242,34.4
HMOX1,3,0.4
PALLD,85,12.1
PPP1R14C,5,0.7
CISD2,11,1.6
PGM3,37,5.3
VASN,4,0.6
CD58,1,0.1
EML2,0,0
OLFML3,0,0
ABCE1,121,17.2
MAP2K2,27,3.8
AKT2,47,6.7
AHCYL2,68,9.7
HSDL1,9,1.3
TMEM14C,1,0.1
ATXN10,71,10.1
IGHV2-26,0,0
ITGAM,0,0
CLCC1,103,14.7
STAT1,109,15.5
SNAP23,100,14.2
COL5A3,2,0.3
VSIG4,0,0
PDLIM2,2,0.3
ANP32E,112,15.9
ELN,0,0
ATP6V1H,90,12.8
KTN1,132,18.8
BCAP29,0,0
ARPC5L,28,4
ATAD1,25,3.6
SLC3A2,189,26.9
GAPVD1,125,17.8
NEXN,46,6.5
MAP1A,113,16.1
PNPT1,35,5
MTDH,179,25.5
ILF2,313,44.5
IGLV1-36,0,0
AKT1,5,0.7
ATG3,20,2.8
NTPCR,101,14.4
AP1G1,21,3
SEC31A,79,11.2
MATR3,441,62.7
CHDH,0,0
MMAB,3,0.4
NAA10,80,11.4
USP24,48,6.8
YAP1,51,7.3
PEF1,126,17.9
GNAI3,166,23.6
PPP2R5D,63,9
AMZ2,2,0.3
MRPL40,34,4.8
ARMC1,13,1.8
IFITM1,2,0.3
SLC25A24,9,1.3
PIR,2,0.3
LYN,166,23.6
MRPS22,90,12.8
ARL1,126,17.9
SYNC,0,0
WDR61,112,15.9
RPA3,116,16.5
NAA15,68,9.7
BAX,21,3
FKBP9,1,0.1
PHYKPL,0,0
TARS1,0,0
TPRKB,0,0
TUBA1C,694,98.7
ZBTB9,85,12.1
ARG1,57,8.1
TACC2,60,8.5
MYDGF,41,5.8
RECQL,69,9.8
PPP1R18,22,3.1
PAM16,2,0.3
SPEG,1,0.1
BNIP1,1,0.1
MYBPH,0,0
UBA2,137,19.5
CLPB,63,9
FKBP10,53,7.5
NUDCD3,21,3
HSPH1,347,49.4
SORD,46,6.5
OVCA2,0,0
CHAD,0,0
ACSF3,4,0.6
TAX1BP3,5,0.7
CSNK2B,84,11.9
IGF2R,31,4.4
NDUFAF3,39,5.5
MIPEP,4,0.6
MINDY3,6,0.9
SLC9A3R1,24,3.4
ELAVL1,322,45.8
LARS1,0,0
GSK3B,14,2
PLVAP,2,0.3
GNPDA2,8,1.1
TBC1D4,113,16.1
SLC35A4,1,0.1
CHCHD4,41,5.8
MOCS2,38,5.4
GPLD1,0,0
GMFB,13,1.8
TOMM7,5,0.7
SNRPB,308,43.8
POGLUT3,0,0
CHP1,17,2.4
MRPL41,67,9.5
ARHGAP17,32,4.6
LIMS3,0,0
IGKV6D-21,0,0
UBQLN4,22,3.1
USP7,201,28.6
HERC4,8,1.1
CRLF3,6,0.9
EIF2B3,38,5.4
ABHD16A,0,0
DCTPP1,107,15.2
ACSS3,0,0
HYI,0,0
RBBP7,370,52.6
PCID2,78,11.1
IGLV3-27,0,0
CACNG1,0,0
GUK1,5,0.7
MRPS27,86,12.2
MEMO1,16,2.3
EML4,69,9.8
EIF3H,195,27.7
DNAJA3,116,16.5
FBL,387,55
LAMTOR2,0,0
KRT16,516,73.4
DYNLT1,54,7.7
DERA,10,1.4
MRPL44,59,8.4
GBP2,0,0
LGALS7,43,6.1
NDUFAF2,6,0.9
SPAG7,75,10.7
BCAM,2,0.3
UCHL5,59,8.4
SNU13,194,27.6
POLR2I,40,5.7
SULT1A3,66,9.4
PPIC,6,0.9
DRG1,172,24.5
CLUH,54,7.7
CD74,0,0
STK24,66,9.4
NUDT16,5,0.7
PMPCB,109,15.5
SNX9,73,10.4
PBDC1,30,4.3
CD93,0,0
THTPA,0,0
DHRS1,2,0.3
METTL7B,0,0
VPS26B,6,0.9
HGS,51,7.3
BPHL,0,0
NENF,27,3.8
CYFIP1,217,30.9
ERO1A,97,13.8
UBE2F,0,0
JMJD7,0,0
RABEP1,54,7.7
DARS2,78,11.1
FXR1,140,19.9
GSK3A,10,1.4
SMDT1,0,0
DNAJC8,167,23.8
BCAS1,0,0
KLC4,47,6.7
PTER,12,1.7
TIMM21,6,0.9
IGHV3-13,0,0
SNX17,6,0.9
CHMP5,99,14.1
RWDD1,0,0
DNAJC19,22,3.1
BUB3,298,42.4
TTLL12,44,6.3
NT5C2,35,5
PACSIN2,21,3
GPHN,73,10.4
ASPSCR1,15,2.1
SPATA20,1,0.1
PLEK,0,0
CCDC124,192,27.3
GHITM,2,0.3
AKAP1,120,17.1
NUBP1,18,2.6
PLEKHO2,2,0.3
TMEM65,2,0.3
FAM114A1,9,1.3
GPT2,1,0.1
NLRX1,1,0.1
RGN,0,0
FUNDC1,0,0
CLIP2,2,0.3
MRPS28,65,9.2
PPP1CC,343,48.8
PRKCB,6,0.9
NSUN2,254,36.1
LRRFIP1,158,22.5
TMPO,386,54.9
CHMP7,35,5
FNTA,9,1.3
TANGO2,0,0
SNX6,42,6
IGKV1-16,0,0
STK38L,173,24.6
DSG1,116,16.5
AP1M1,21,3
ECHDC2,0,0
ADH1C,0,0
RRM2B,10,1.4
GPAT3,0,0
VASP,24,3.4
RAB31,2,0.3
YARS1,0,0
ANP32B,114,16.2
MRPS25,21,3
EPS15,94,13.4
GCN1,246,35
SMAP,136,19.3
UBE2R2,0,0
UBA5,4,0.6
TBCE,100,14.2
SLC16A3,17,2.4
TIAL1,94,13.4
PLEKHF1,2,0.3
HCCS,29,4.1
DPP9,10,1.4
DDX6,303,43.1
STT3B,12,1.7
RNF181,0,0
TSPAN8,0,0
PPP1R3A,1,0.1
PMPCA,63,9
PPCS,0,0
DGKZ,1,0.1
DNM1,46,6.5
MMP2,18,2.6
EIF2A,90,12.8
CCDC93,0,0
ANK3,60,8.5
MRPL49,52,7.4
NADK2,17,2.4
BABAM2,35,5
DDRGK1,49,7
VPS28,7,1
GET4,30,4.3
TK2,0,0
FDXR,22,3.1
ATP2B2,42,6
SCFD1,81,11.5
GMPR2,4,0.6
OSBPL1A,1,0.1
PDCL3,9,1.3
SEPTIN10,0,0
IFI16,17,2.4
TRAM1,4,0.6
API5,150,21.3
SNAP29,124,17.6
GMPPB,8,1.1
UBAP2L,322,45.8
HSPA12B,0,0
EIF2B1,30,4.3
CSPG4,5,0.7
MTHFS,1,0.1
MRPL46,62,8.8
SRSF7,351,49.9
MOB4,28,4
COMTD1,1,0.1
UBE2H,0,0
GORASP2,30,4.3
PTGDS,0,0
DAZAP1,159,22.6
C8orf82,0,0
KEL,0,0
HCLS1,0,0
NEK9,89,12.7
TES,61,8.7
CYGB,0,0
ERLIN1,81,11.5
STAM,69,9.8
SELENOO,1,0.1
HECTD1,46,6.5
MTCH1,10,1.4
DHODH,1,0.1
RAB23,5,0.7
UBXN4,28,4
ITGB3,0,0
ARL2,40,5.7
PDXP,24,3.4
MAN2C1,0,0
PPP2CB,193,27.5
NTMT1,19,2.7
LEMD2,7,1
DOHH,6,0.9
PAIP1,26,3.7
FAM98A,112,15.9
TFRC,87,12.4
C20orf27,12,1.7
SARS2,75,10.7
TPD52L1,3,0.4
MRPL37,61,8.7
DUT,236,33.6
CHMP6,5,0.7
SEC24C,122,17.4
NUDT9,0,0
VWA8,8,1.1
FITM2,0,0
GPC1,9,1.3
IGKV6-21,0,0
PPT1,10,1.4
PLCL1,0,0
TMEM159,0,0
RPL37A,200,28.4
PM20D2,36,5.1
RTRAF,0,0
CRK,129,18.3
CASP3,20,2.8
GATM,1,0.1
WARS2,2,0.3
EPN1,3,0.4
KPNA1,181,25.7
SLC19A3,0,0
HGH1,11,1.6
DPP7,5,0.7
PKIG,2,0.3
CORO7,25,3.6
MAPKAPK3,0,0
CARS2,20,2.8
TMEM230,1,0.1
SMIM4,1,0.1
CFHR2,0,0
SHOC2,7,1
SPON1,0,0
SLK,139,19.8
MRPL1,43,6.1
KYAT3,8,1.1
PHYHD1,1,0.1
MRPL13,49,7
LRRC57,0,0
IGLV6-57,0,0
CRYL1,0,0
NUDT19,17,2.4
MRPL55,31,4.4
CCDC43,86,12.2
DAD1,27,3.8
MANF,32,4.6
CHMP2B,95,13.5
TRAPPC1,0,0
FDX1,10,1.4
PON2,15,2.1
RAB4A,130,18.5
FNTB,1,0.1
L3HYPDH,3,0.4
AP3B1,139,19.8
STAMBP,2,0.3
COMMD6,1,0.1
MRPS16,26,3.7
ABRAXAS2,19,2.7
PABPN1,206,29.3
LPIN1,0,0
TRA2B,163,23.2
DCTN4,44,6.3
USP47,13,1.8
NUDT4,10,1.4
SDC2,5,0.7
ESAM,0,0
ADA,35,5
THBS3,0,0
STRN3,37,5.3
STT3A,119,16.9
NDUFAF7,13,1.8
LRRC40,88,12.5
PSMG3,3,0.4
EMD,270,38.4
IGKV1D-16,0,0
WDR44,69,9.8
IGBP1,68,9.7
SPCS1,0,0
PRKCA,10,1.4
UQCC1,6,0.9
DAP3,96,13.7
MRPL11,38,5.4
TTC38,0,0
PRKDC,406,57.8
ATP6V1D,6,0.9
MOGS,59,8.4
RBFOX2,43,6.1
EPM2AIP1,0,0
UFSP2,1,0.1
TNS3,20,2.8
DNAJB2,47,6.7
CASTOR2,1,0.1
MYO1D,57,8.1
MRPS7,76,10.8
CORO1A,25,3.6
POLDIP2,83,11.8
ARAF,42,6
MRPS9,72,10.2
DCTN3,38,5.4
UBR4,106,15.1
TMED1,1,0.1
MRPL47,40,5.7
ALDH1A3,13,1.8
PFKP,201,28.6
IARS1,0,0
MYCBP,141,20.1
PPP3CC,17,2.4
RBPMS,5,0.7
ARIH1,5,0.7
CAPRIN1,282,40.1
NAA25,6,0.9
CADM3,0,0
ZNF330,0,0
GATD1,2,0.3
TAPBP,2,0.3
RNF126,9,1.3
LAMA5,11,1.6
UROS,0,0
EMC3,5,0.7
CCAR2,297,42.2
PLCL2,0,0
RNASE4,0,0
PPCDC,1,0.1
G3BP1,353,50.2
SF3B2,317,45.1
MRPS18B,67,9.5
SUPV3L1,16,2.3
HOOK3,11,1.6
BAG6,76,10.8
XPO7,48,6.8
WDFY1,3,0.4
DCPS,5,0.7
P4HA1,96,13.7
SCARA5,0,0
SCFD2,2,0.3
DCAF8,5,0.7
SARNP,213,30.3
ACBD3,107,15.2
EFHD1,119,16.9
NUB1,4,0.6
JPT2,242,34.4
NDUFAF5,0,0
FKBP8,82,11.7
HGFAC,0,0
ENPP1,0,0
NCK1,59,8.4
SHBG,1,0.1
ARF5,232,33
MRI1,45,6.4
CTSL,2,0.3
EIPR1,4,0.6
HDGFL3,93,13.2
SLC16A7,0,0
IGHV1-45,43,6.1
MRPL48,46,6.5
RBBP9,10,1.4
AAMP,42,6
POFUT1,10,1.4
PIP4K2B,19,2.7
MRPL21,45,6.4
IGKV2D-30,218,31
ARSA,0,0
YOD1,0,0
RWDD4,0,0
WIPI1,23,3.3
MASP1,19,2.7
CCN5,0,0
PTCD3,83,11.8
SCN1B,0,0
UBFD1,29,4.1
MRPL19,59,8.4
CUL4B,210,29.9
ALDH1A2,68,9.7
TOMM22,121,17.2
TOR1B,0,0
COPE,93,13.2
LYRM9,0,0
AGFG1,65,9.2
MRPL14,74,10.5
PPOX,11,1.6
RHEB,50,7.1
MAP1S,33,4.7
SRR,2,0.3
USP19,18,2.6
EEFSEC,7,1
NUBP2,66,9.4
GCHFR,0,0
COX7B,6,0.9
LSM6,59,8.4
HDHD3,11,1.6
SF1,256,36.4
MRPS18A,41,5.8
PCK2,24,3.4
EIF5B,200,28.4
DNAJB6,56,8
TBRG4,22,3.1
MRPL38,34,4.8
SLC9A3R2,6,0.9
RBM8A,123,17.5
GGPS1,0,0
ADAM10,2,0.3
DNAJC9,86,12.2
EEF2K,30,4.3
ACADL,1,0.1
KRT17,465,66.1
SEC24B,139,19.8
ATP2B1,66,9.4
BCL2,0,0
SRSF11,243,34.6
CA4,0,0
TSC22D1,4,0.6
ENPP4,0,0
ATG7,9,1.3
PDE3B,2,0.3
SEPHS1,27,3.8
CTSS,0,0
CCDC25,42,6
HRAS,17,2.4
MARS1,0,0
STARD10,1,0.1
AP1S1,4,0.6
TTC37,35,5
NEU3,0,0
C15orf40,3,0.4
NUP93,211,30
NRP1,1,0.1
CAD,387,55
RPRD1B,108,15.4
THBS2,2,0.3
CHORDC1,110,15.6
GNB4,144,20.5
RAB35,165,23.5
ATG4B,2,0.3
MRPL51,5,0.7
MFF,7,1
FAM185A,0,0
FAM120A,159,22.6
ABCB7,34,4.8
YES1,179,25.5
RRAGA,4,0.6
ASMTL,0,0
MYLK3,3,0.4
MRPS2,65,9.2
CD99L2,0,0
COX7A2L,1,0.1
CTNNB1,78,11.1
ARMC10,5,0.7
PSPC1,217,30.9
CLASP1,53,7.5
MT-CO3,1,0.1
RAC2,43,6.1
GFPT1,62,8.8
MECP2,80,11.4
NME3,20,2.8
DNAAF5,15,2.1
DYNLT3,17,2.4
HARS2,52,7.4
USP13,25,3.6
ADI1,55,7.8
MMP24OS,0,0
TCEA3,0,0
EGFLAM,0,0
RDH11,28,4
ACYP1,2,0.3
SVIL,77,11
ARFIP1,30,4.3
CTPS1,312,44.4
SMAD3,10,1.4
CRISP3,0,0
CPOX,40,5.7
PRNP,1,0.1
NRDC,29,4.1
EMC1,25,3.6
HYPK,26,3.7
MRPL15,56,8
EMC2,8,1.1
TBC1D24,2,0.3
VPS13A,22,3.1
APOL2,8,1.1
PPP6R2,17,2.4
ARMCX3,2,0.3
RAP1GDS1,0,0
ROCK2,36,5.1
LCN2,5,0.7
CTNND1,99,14.1
BTF3,117,16.6
TARS3,0,0
DIP2C,1,0.1
PRKACB,25,3.6
HK2,55,7.8
MRPL39,77,11
MARCHF5,0,0
TIMM8B,60,8.5
ISCA1,0,0
PMVK,1,0.1
CRABP1,2,0.3
RELA,35,5
RAB24,1,0.1
FAM210A,2,0.3
GLG1,28,4
SQSTM1,138,19.6
MRPL42,3,0.4
SPAG9,151,21.5
DCAF11,0,0
KRT25,449,63.9
PAXX,0,0
BCAR1,4,0.6
SNAPIN,42,6
OSGEP,20,2.8
CLPTM1,12,1.7
MRPL30,22,3.1
C12orf57,5,0.7
SETD3,0,0
THNSL1,2,0.3
PTPMT1,10,1.4
SCAMP1,19,2.7
PRPH,357,50.8
CD99,25,3.6
PGGT1B,0,0
CLIC2,2,0.3
TIGAR,66,9.4
ADRM1,196,27.9
POLR2H,196,27.9
CMPK2,1,0.1
CARD19,1,0.1
PEX19,24,3.4
ZC3HAV1,210,29.9
MOCS3,1,0.1
AKT1S1,4,0.6
UBQLN2,34,4.8
EIF2B4,44,6.3
SMAD2,10,1.4
SKIV2L,18,2.6
PPP2R5E,0,0
BAG5,15,2.1
CNST,3,0.4
EIF4A3,418,59.5
PEX11B,0,0
